subject,trial_id,condition,onset_s,tr_s,tr_relative,time_from_cue_s,nacc_psc,vta_psc
sub-09,1,reward,8.0,1.0,-2,-2.0,-1.326169490814209,-0.6763746738433838
sub-09,1,reward,8.0,1.0,-1,-1.0,-0.373705118894577,0.32492008805274963
sub-09,1,reward,8.0,1.0,0,0.0,1.5090733766555786,0.2596500515937805
sub-09,1,reward,8.0,1.0,1,1.0,0.027753731235861778,-0.175724059343338
sub-09,1,reward,8.0,1.0,2,2.0,-0.6926925182342529,-0.3715406358242035
sub-09,1,reward,8.0,1.0,3,3.0,-0.7379408478736877,-0.10420531034469604
sub-09,1,reward,8.0,1.0,4,4.0,-1.7616398334503174,-1.0568889379501343
sub-09,1,reward,8.0,1.0,5,5.0,-0.7880028486251831,-0.24030481278896332
sub-09,1,reward,8.0,1.0,6,6.0,-0.8701509237289429,-0.5979050397872925
sub-09,1,reward,8.0,1.0,7,7.0,-0.17634524405002594,0.8054266571998596
sub-09,1,reward,8.0,1.0,8,8.0,-0.40676137804985046,-1.0249496698379517
sub-09,1,reward,8.0,1.0,9,9.0,0.2296038269996643,0.6811352968215942
sub-09,1,reward,8.0,1.0,10,10.0,1.37814199924469,0.8491740822792053
sub-09,1,reward,8.0,1.0,11,11.0,0.33903926610946655,-0.9298211336135864
sub-09,1,reward,8.0,1.0,12,12.0,-0.7851146459579468,-1.2270150184631348
sub-09,1,reward,8.0,1.0,13,13.0,-0.724462628364563,-1.017309546470642
sub-09,2,reward,23.0,1.0,-2,-2.0,-0.724462628364563,-1.017309546470642
sub-09,2,reward,23.0,1.0,-1,-1.0,-0.6833810806274414,-0.9409270882606506
sub-09,2,reward,23.0,1.0,0,0.0,-0.7873560190200806,-1.1936842203140259
sub-09,2,reward,23.0,1.0,1,1.0,-1.5809698104858398,-0.8291330933570862
sub-09,2,reward,23.0,1.0,2,2.0,-0.1400848925113678,-0.1264236718416214
sub-09,2,reward,23.0,1.0,3,3.0,-1.2212318181991577,-0.49930423498153687
sub-09,2,reward,23.0,1.0,4,4.0,-1.4580637216567993,-0.2951582074165344
sub-09,2,reward,23.0,1.0,5,5.0,-1.2809211015701294,0.6325241923332214
sub-09,2,reward,23.0,1.0,6,6.0,0.2263997346162796,1.2532981634140015
sub-09,2,reward,23.0,1.0,7,7.0,0.7892739772796631,0.7568219900131226
sub-09,2,reward,23.0,1.0,8,8.0,-0.6477600336074829,-0.06809806823730469
sub-09,2,reward,23.0,1.0,9,9.0,-0.20201556384563446,-1.0068928003311157
sub-09,2,reward,23.0,1.0,10,10.0,-0.16222770512104034,-0.9325975775718689
sub-09,2,reward,23.0,1.0,11,11.0,-1.2497903108596802,-0.5347222089767456
sub-09,2,reward,23.0,1.0,12,12.0,-2.1448068618774414,0.4825422167778015
sub-09,2,reward,23.0,1.0,13,13.0,0.022616658359766006,1.52480149269104
sub-09,3,neutral,35.0,1.0,-2,-2.0,-0.16222770512104034,-0.9325975775718689
sub-09,3,neutral,35.0,1.0,-1,-1.0,-1.2497903108596802,-0.5347222089767456
sub-09,3,neutral,35.0,1.0,0,0.0,-2.1448068618774414,0.4825422167778015
sub-09,3,neutral,35.0,1.0,1,1.0,0.022616658359766006,1.52480149269104
sub-09,3,neutral,35.0,1.0,2,2.0,0.9975472688674927,1.1331747770309448
sub-09,3,neutral,35.0,1.0,3,3.0,0.14713238179683685,0.34644272923469543
sub-09,3,neutral,35.0,1.0,4,4.0,-1.0521070957183838,-0.05976860225200653
sub-09,3,neutral,35.0,1.0,5,5.0,-1.802721381187439,0.19368427991867065
sub-09,3,neutral,35.0,1.0,6,6.0,-1.4866222143173218,-0.48472604155540466
sub-09,3,neutral,35.0,1.0,7,7.0,-1.8736400604248047,-1.2943657636642456
sub-09,3,neutral,35.0,1.0,8,8.0,-1.565566062927246,-0.4347299337387085
sub-09,3,neutral,35.0,1.0,9,9.0,-0.6297915577888489,-0.6562370657920837
sub-09,3,neutral,35.0,1.0,10,10.0,0.8351616263389587,-0.9770407676696777
sub-09,3,neutral,35.0,1.0,11,11.0,0.7947269678115845,-0.6249870657920837
sub-09,3,neutral,35.0,1.0,12,12.0,-0.3236430883407593,-1.012452244758606
sub-09,3,neutral,35.0,1.0,13,13.0,-0.7915303707122803,-0.8201079368591309
sub-09,4,reward,41.0,1.0,-2,-2.0,-1.0521070957183838,-0.05976860225200653
sub-09,4,reward,41.0,1.0,-1,-1.0,-1.802721381187439,0.19368427991867065
sub-09,4,reward,41.0,1.0,0,0.0,-1.4866222143173218,-0.48472604155540466
sub-09,4,reward,41.0,1.0,1,1.0,-1.8736400604248047,-1.2943657636642456
sub-09,4,reward,41.0,1.0,2,2.0,-1.565566062927246,-0.4347299337387085
sub-09,4,reward,41.0,1.0,3,3.0,-0.6297915577888489,-0.6562370657920837
sub-09,4,reward,41.0,1.0,4,4.0,0.8351616263389587,-0.9770407676696777
sub-09,4,reward,41.0,1.0,5,5.0,0.7947269678115845,-0.6249870657920837
sub-09,4,reward,41.0,1.0,6,6.0,-0.3236430883407593,-1.012452244758606
sub-09,4,reward,41.0,1.0,7,7.0,-0.7915303707122803,-0.8201079368591309
sub-09,4,reward,41.0,1.0,8,8.0,-0.8544313311576843,1.2532981634140015
sub-09,4,reward,41.0,1.0,9,9.0,0.6326722502708435,0.43949052691459656
sub-09,4,reward,41.0,1.0,10,10.0,2.4166128635406494,-0.14587198197841644
sub-09,4,reward,41.0,1.0,11,11.0,1.2026089429855347,-0.3041898310184479
sub-09,4,reward,41.0,1.0,12,12.0,-0.574915885925293,-0.35279449820518494
sub-09,4,reward,41.0,1.0,13,13.0,-0.5229284167289734,-0.9374613165855408
sub-09,5,reward,48.0,1.0,-2,-2.0,0.7947269678115845,-0.6249870657920837
sub-09,5,reward,48.0,1.0,-1,-1.0,-0.3236430883407593,-1.012452244758606
sub-09,5,reward,48.0,1.0,0,0.0,-0.7915303707122803,-0.8201079368591309
sub-09,5,reward,48.0,1.0,1,1.0,-0.8544313311576843,1.2532981634140015
sub-09,5,reward,48.0,1.0,2,2.0,0.6326722502708435,0.43949052691459656
sub-09,5,reward,48.0,1.0,3,3.0,2.4166128635406494,-0.14587198197841644
sub-09,5,reward,48.0,1.0,4,4.0,1.2026089429855347,-0.3041898310184479
sub-09,5,reward,48.0,1.0,5,5.0,-0.574915885925293,-0.35279449820518494
sub-09,5,reward,48.0,1.0,6,6.0,-0.5229284167289734,-0.9374613165855408
sub-09,5,reward,48.0,1.0,7,7.0,-1.4522873163223267,-0.46528419852256775
sub-09,5,reward,48.0,1.0,8,8.0,-1.1734111309051514,-0.5756866931915283
sub-09,5,reward,48.0,1.0,9,9.0,0.14071667194366455,-0.7090097069740295
sub-09,5,reward,48.0,1.0,10,10.0,0.4064304530620575,-0.39306971430778503
sub-09,5,reward,48.0,1.0,11,11.0,-0.545710563659668,0.004812151659280062
sub-09,5,reward,48.0,1.0,12,12.0,-0.6612382531166077,0.49087169766426086
sub-09,5,reward,48.0,1.0,13,13.0,0.19270415604114532,1.2387200593948364
sub-09,6,reward,53.0,1.0,-2,-2.0,2.4166128635406494,-0.14587198197841644
sub-09,6,reward,53.0,1.0,-1,-1.0,1.2026089429855347,-0.3041898310184479
sub-09,6,reward,53.0,1.0,0,0.0,-0.574915885925293,-0.35279449820518494
sub-09,6,reward,53.0,1.0,1,1.0,-0.5229284167289734,-0.9374613165855408
sub-09,6,reward,53.0,1.0,2,2.0,-1.4522873163223267,-0.46528419852256775
sub-09,6,reward,53.0,1.0,3,3.0,-1.1734111309051514,-0.5756866931915283
sub-09,6,reward,53.0,1.0,4,4.0,0.14071667194366455,-0.7090097069740295
sub-09,6,reward,53.0,1.0,5,5.0,0.4064304530620575,-0.39306971430778503
sub-09,6,reward,53.0,1.0,6,6.0,-0.545710563659668,0.004812151659280062
sub-09,6,reward,53.0,1.0,7,7.0,-0.6612382531166077,0.49087169766426086
sub-09,6,reward,53.0,1.0,8,8.0,0.19270415604114532,1.2387200593948364
sub-09,6,reward,53.0,1.0,9,9.0,0.23345474898815155,1.0276294946670532
sub-09,6,reward,53.0,1.0,10,10.0,-0.8037224411964417,0.39227089285850525
sub-09,6,reward,53.0,1.0,11,11.0,-0.798269510269165,-1.1124380826950073
sub-09,6,reward,53.0,1.0,12,12.0,-0.3416115641593933,-0.6110981702804565
sub-09,6,reward,53.0,1.0,13,13.0,-0.7979460954666138,-0.18683646619319916
sub-09,7,reward,65.0,1.0,-2,-2.0,-0.8037224411964417,0.39227089285850525
sub-09,7,reward,65.0,1.0,-1,-1.0,-0.798269510269165,-1.1124380826950073
sub-09,7,reward,65.0,1.0,0,0.0,-0.3416115641593933,-0.6110981702804565
sub-09,7,reward,65.0,1.0,1,1.0,-0.7979460954666138,-0.18683646619319916
sub-09,7,reward,65.0,1.0,2,2.0,-0.601548969745636,0.18534837663173676
sub-09,7,reward,65.0,1.0,3,3.0,0.07396481931209564,1.0109641551971436
sub-09,7,reward,65.0,1.0,4,4.0,-0.4353199005126953,0.13952019810676575
sub-09,7,reward,65.0,1.0,5,5.0,-1.7192796468734741,-0.643739640712738
sub-09,7,reward,65.0,1.0,6,6.0,-1.645472764968872,-0.647901177406311
sub-09,7,reward,65.0,1.0,7,7.0,0.6464663743972778,-0.9270446300506592
sub-09,7,reward,65.0,1.0,8,8.0,0.9221308827400208,-0.1597544252872467
sub-09,7,reward,65.0,1.0,9,9.0,-0.633319079875946,-0.49722346663475037
sub-09,7,reward,65.0,1.0,10,10.0,0.7690566182136536,-0.11809419840574265
sub-09,7,reward,65.0,1.0,11,11.0,0.16863587498664856,0.1422966867685318
sub-09,7,reward,65.0,1.0,12,12.0,0.7552549839019775,-0.2903009355068207
sub-09,7,reward,65.0,1.0,13,13.0,0.6891499757766724,-0.14100828766822815
sub-09,8,neutral,86.0,1.0,-2,-2.0,-1.7212051153182983,-0.8235801458358765
sub-09,8,neutral,86.0,1.0,-1,-1.0,-1.9201745986938477,-0.8131634593009949
sub-09,8,neutral,86.0,1.0,0,0.0,0.4702865779399872,-1.0652248859405518
sub-09,8,neutral,86.0,1.0,1,1.0,1.4118375778198242,-0.19030869007110596
sub-09,8,neutral,86.0,1.0,2,2.0,0.7321494221687317,-0.3472350835800171
sub-09,8,neutral,86.0,1.0,3,3.0,-0.6240151524543762,-0.08615490794181824
sub-09,8,neutral,86.0,1.0,4,4.0,-0.557910144329071,0.06591424345970154
sub-09,8,neutral,86.0,1.0,5,5.0,1.1182045936584473,-0.03685451298952103
sub-09,8,neutral,86.0,1.0,6,6.0,1.0216156244277954,-1.47212553024292
sub-09,8,neutral,86.0,1.0,7,7.0,-0.8149593472480774,-1.7234911918640137
sub-09,8,neutral,86.0,1.0,8,8.0,-1.2751448154449463,-1.1790995597839355
sub-09,8,neutral,86.0,1.0,9,9.0,0.13782848417758942,-1.6339155435562134
sub-09,8,neutral,86.0,1.0,10,10.0,0.09129397571086884,-1.3408896923065186
sub-09,8,neutral,86.0,1.0,11,11.0,-0.3072766661643982,-1.5158729553222656
sub-09,8,neutral,86.0,1.0,12,12.0,-0.8188102841377258,-0.40417566895484924
sub-09,8,neutral,86.0,1.0,13,13.0,0.851212203502655,0.364499568939209
sub-09,9,neutral,100.0,1.0,-2,-2.0,-0.8188102841377258,-0.40417566895484924
sub-09,9,neutral,100.0,1.0,-1,-1.0,0.851212203502655,0.364499568939209
sub-09,9,neutral,100.0,1.0,0,0.0,0.02743031270802021,-0.44931453466415405
sub-09,9,neutral,100.0,1.0,1,1.0,-0.3608661890029907,0.5811430215835571
sub-09,9,neutral,100.0,1.0,2,2.0,-0.5617610812187195,-0.6145704388618469
sub-09,9,neutral,100.0,1.0,3,3.0,-0.0733330249786377,-1.0916111469268799
sub-09,9,neutral,100.0,1.0,4,4.0,-0.23667389154434204,-1.7880719900131226
sub-09,9,neutral,100.0,1.0,5,5.0,-0.6506482362747192,-0.5694379806518555
sub-09,9,neutral,100.0,1.0,6,6.0,-1.6364847421646118,-1.0006440877914429
sub-09,9,neutral,100.0,1.0,7,7.0,-1.8396210670471191,-1.6269711256027222
sub-09,9,neutral,100.0,1.0,8,8.0,-2.351478099822998,-0.8930181264877319
sub-09,9,neutral,100.0,1.0,9,9.0,1.1753290891647339,-0.4826388657093048
sub-09,9,neutral,100.0,1.0,10,10.0,1.4516329765319824,-0.7298365831375122
sub-09,9,neutral,100.0,1.0,11,11.0,-1.1538406610488892,-0.33543339371681213
sub-09,9,neutral,100.0,1.0,12,12.0,-1.4269328117370605,0.1964607685804367
sub-09,9,neutral,100.0,1.0,13,13.0,1.1089006662368774,1.2220546007156372
sub-09,10,reward,120.0,1.0,-2,-2.0,0.3127221167087555,-0.9089877605438232
sub-09,10,reward,120.0,1.0,-1,-1.0,0.6307467818260193,-1.070082187652588
sub-09,10,reward,120.0,1.0,0,0.0,-0.05825274810194969,-0.07226601988077164
sub-09,10,reward,120.0,1.0,1,1.0,-1.041201114654541,-0.01879766955971718
sub-09,10,reward,120.0,1.0,2,2.0,-0.552449643611908,1.3296806812286377
sub-09,10,reward,120.0,1.0,3,3.0,-0.5376927852630615,0.5887832045555115
sub-09,10,reward,120.0,1.0,4,4.0,-0.8101456761360168,0.3686610758304596
sub-09,10,reward,120.0,1.0,5,5.0,-0.4064379632472992,-0.6006879806518555
sub-09,10,reward,120.0,1.0,6,6.0,-1.611137866973877,-0.8624638915061951
sub-09,10,reward,120.0,1.0,7,7.0,-0.17313364148139954,-1.3332558870315552
sub-09,10,reward,120.0,1.0,8,8.0,0.2446916252374649,-1.1214697360992432
sub-09,10,reward,120.0,1.0,9,9.0,0.4494299292564392,-0.2604424059391022
sub-09,10,reward,120.0,1.0,10,10.0,-1.1352252960205078,-0.8402454853057861
sub-09,10,reward,120.0,1.0,11,11.0,-0.5954566597938538,0.519345223903656
sub-09,10,reward,120.0,1.0,12,12.0,-0.03996085748076439,0.33255383372306824
sub-09,10,reward,120.0,1.0,13,13.0,-0.1702454388141632,0.44990721344947815
sub-09,11,reward,134.0,1.0,-2,-2.0,-0.03996085748076439,0.33255383372306824
sub-09,11,reward,134.0,1.0,-1,-1.0,-0.1702454388141632,0.44990721344947815
sub-09,11,reward,134.0,1.0,0,0.0,-1.2096790075302124,0.4950396418571472
sub-09,11,reward,134.0,1.0,1,1.0,0.3579704761505127,1.6150728464126587
sub-09,11,reward,134.0,1.0,2,2.0,-0.4086868464946747,0.5561481714248657
sub-09,11,reward,134.0,1.0,3,3.0,-0.7000709176063538,0.20062227547168732
sub-09,11,reward,134.0,1.0,4,4.0,1.4763405323028564,-0.25697019696235657
sub-09,11,reward,134.0,1.0,5,5.0,0.3030948042869568,-1.2332637310028076
sub-09,11,reward,134.0,1.0,6,6.0,-0.049588169902563095,0.6741908192634583
sub-09,11,reward,134.0,1.0,7,7.0,-1.032536506652832,0.12702277302742004
sub-09,11,reward,134.0,1.0,8,8.0,0.11921317875385284,0.9706889986991882
sub-09,11,reward,134.0,1.0,9,9.0,1.414409875869751,1.3824533224105835
sub-09,11,reward,134.0,1.0,10,10.0,-0.7385801672935486,-0.6937293410301208
sub-09,11,reward,134.0,1.0,11,11.0,-1.5475976467132568,-0.25697019696235657
sub-09,11,reward,134.0,1.0,12,12.0,-0.6570714712142944,-0.1437847763299942
sub-09,11,reward,134.0,1.0,13,13.0,0.4067463278770447,-0.6812319159507751
sub-09,12,reward,145.0,1.0,-2,-2.0,1.414409875869751,1.3824533224105835
sub-09,12,reward,145.0,1.0,-1,-1.0,-0.7385801672935486,-0.6937293410301208
sub-09,12,reward,145.0,1.0,0,0.0,-1.5475976467132568,-0.25697019696235657
sub-09,12,reward,145.0,1.0,1,1.0,-0.6570714712142944,-0.1437847763299942
sub-09,12,reward,145.0,1.0,2,2.0,0.4067463278770447,-0.6812319159507751
sub-09,12,reward,145.0,1.0,3,3.0,-0.7401822209358215,-1.2610349655151367
sub-09,12,reward,145.0,1.0,4,4.0,-1.422119140625,1.4137033224105835
sub-09,12,reward,145.0,1.0,5,5.0,0.9025528430938721,1.4636929035186768
sub-09,12,reward,145.0,1.0,6,6.0,0.9115408062934875,1.4282814264297485
sub-09,12,reward,145.0,1.0,7,7.0,-0.9009582996368408,0.4047747552394867
sub-09,12,reward,145.0,1.0,8,8.0,0.6605914235115051,-0.35279449820518494
sub-09,12,reward,145.0,1.0,9,9.0,0.23891524970531464,-0.8749613165855408
sub-09,12,reward,145.0,1.0,10,10.0,-0.8441571593284607,0.3894944190979004
sub-09,12,reward,145.0,1.0,11,11.0,0.6047530174255371,1.297741413116455
sub-09,12,reward,145.0,1.0,12,12.0,0.3027713894844055,1.0373505353927612
sub-09,12,reward,145.0,1.0,13,13.0,-0.787040114402771,-0.4069521427154541
sub-09,13,reward,153.0,1.0,-2,-2.0,0.9115408062934875,1.4282814264297485
sub-09,13,reward,153.0,1.0,-1,-1.0,-0.9009582996368408,0.4047747552394867
sub-09,13,reward,153.0,1.0,0,0.0,0.6605914235115051,-0.35279449820518494
sub-09,13,reward,153.0,1.0,1,1.0,0.23891524970531464,-0.8749613165855408
sub-09,13,reward,153.0,1.0,2,2.0,-0.8441571593284607,0.3894944190979004
sub-09,13,reward,153.0,1.0,3,3.0,0.6047530174255371,1.297741413116455
sub-09,13,reward,153.0,1.0,4,4.0,0.3027713894844055,1.0373505353927612
sub-09,13,reward,153.0,1.0,5,5.0,-0.787040114402771,-0.4069521427154541
sub-09,13,reward,153.0,1.0,6,6.0,-1.5392489433288574,-0.6298507452011108
sub-09,13,reward,153.0,1.0,7,7.0,-2.4772725105285645,-1.580453634262085
sub-09,13,reward,153.0,1.0,8,8.0,0.8993487358093262,-0.7194263339042664
sub-09,13,reward,153.0,1.0,9,9.0,0.9089760184288025,-1.6325305700302124
sub-09,13,reward,153.0,1.0,10,10.0,-1.0906163454055786,0.1541048139333725
sub-09,13,reward,153.0,1.0,11,11.0,-0.7989088296890259,0.39713457226753235
sub-09,13,reward,153.0,1.0,12,12.0,-0.5213263630867004,-0.8645510673522949
sub-09,13,reward,153.0,1.0,13,13.0,-1.4092803001403809,-0.6951208114624023
sub-09,14,neutral,161.0,1.0,-2,-2.0,-1.5392489433288574,-0.6298507452011108
sub-09,14,neutral,161.0,1.0,-1,-1.0,-2.4772725105285645,-1.580453634262085
sub-09,14,neutral,161.0,1.0,0,0.0,0.8993487358093262,-0.7194263339042664
sub-09,14,neutral,161.0,1.0,1,1.0,0.9089760184288025,-1.6325305700302124
sub-09,14,neutral,161.0,1.0,2,2.0,-1.0906163454055786,0.1541048139333725
sub-09,14,neutral,161.0,1.0,3,3.0,-0.7989088296890259,0.39713457226753235
sub-09,14,neutral,161.0,1.0,4,4.0,-0.5213263630867004,-0.8645510673522949
sub-09,14,neutral,161.0,1.0,5,5.0,-1.4092803001403809,-0.6951208114624023
sub-09,14,neutral,161.0,1.0,6,6.0,-2.15283203125,-1.892225742340088
sub-09,14,neutral,161.0,1.0,7,7.0,-0.7093748450279236,-0.8853779435157776
sub-09,14,neutral,161.0,1.0,8,8.0,0.5893493294715881,-1.3714439868927002
sub-09,14,neutral,161.0,1.0,9,9.0,0.23121339082717896,-0.8048340082168579
sub-09,14,neutral,161.0,1.0,10,10.0,-0.8955053091049194,-1.21590256690979
sub-09,14,neutral,161.0,1.0,11,11.0,-1.135548710823059,0.024949751794338226
sub-09,14,neutral,161.0,1.0,12,12.0,-0.8319650888442993,1.4567549228668213
sub-09,14,neutral,161.0,1.0,13,13.0,-0.5277420878410339,0.1422966867685318
sub-09,15,reward,173.0,1.0,-2,-2.0,-0.8955053091049194,-1.21590256690979
sub-09,15,reward,173.0,1.0,-1,-1.0,-1.135548710823059,0.024949751794338226
sub-09,15,reward,173.0,1.0,0,0.0,-0.8319650888442993,1.4567549228668213
sub-09,15,reward,173.0,1.0,1,1.0,-0.5277420878410339,0.1422966867685318
sub-09,15,reward,173.0,1.0,2,2.0,-1.6133792400360107,-0.2555787265300751
sub-09,15,reward,173.0,1.0,3,3.0,0.8223302364349365,-0.9569031596183777
sub-09,15,reward,173.0,1.0,4,4.0,0.6772737503051758,0.18742913007736206
sub-09,15,reward,173.0,1.0,5,5.0,-0.055680450052022934,-0.1632266491651535
sub-09,15,reward,173.0,1.0,6,6.0,-0.877852737903595,0.37769272923469543
sub-09,15,reward,173.0,1.0,7,7.0,-1.054032564163208,0.43254610896110535
sub-09,15,reward,173.0,1.0,8,8.0,0.1455303281545639,1.626874566078186
sub-09,15,reward,173.0,1.0,9,9.0,0.17986522614955902,1.710201382637024
sub-09,15,reward,173.0,1.0,10,10.0,-1.4253307580947876,0.6984899640083313
sub-09,15,reward,173.0,1.0,11,11.0,-1.4330326318740845,-0.41806453466415405
sub-09,15,reward,173.0,1.0,12,12.0,-2.4965269565582275,-0.9437099695205688
sub-09,15,reward,173.0,1.0,13,13.0,-0.3522016108036041,0.4033832848072052
sub-09,16,neutral,179.0,1.0,-2,-2.0,0.6772737503051758,0.18742913007736206
sub-09,16,neutral,179.0,1.0,-1,-1.0,-0.055680450052022934,-0.1632266491651535
sub-09,16,neutral,179.0,1.0,0,0.0,-0.877852737903595,0.37769272923469543
sub-09,16,neutral,179.0,1.0,1,1.0,-1.054032564163208,0.43254610896110535
sub-09,16,neutral,179.0,1.0,2,2.0,0.1455303281545639,1.626874566078186
sub-09,16,neutral,179.0,1.0,3,3.0,0.17986522614955902,1.710201382637024
sub-09,16,neutral,179.0,1.0,4,4.0,-1.4253307580947876,0.6984899640083313
sub-09,16,neutral,179.0,1.0,5,5.0,-1.4330326318740845,-0.41806453466415405
sub-09,16,neutral,179.0,1.0,6,6.0,-2.4965269565582275,-0.9437099695205688
sub-09,16,neutral,179.0,1.0,7,7.0,-0.3522016108036041,0.4033832848072052
sub-09,16,neutral,179.0,1.0,8,8.0,2.110464334487915,-0.341682106256485
sub-09,16,neutral,179.0,1.0,9,9.0,0.41798320412635803,-0.08059549331665039
sub-09,16,neutral,179.0,1.0,10,10.0,-0.7883187532424927,0.7408523559570312
sub-09,16,neutral,179.0,1.0,11,11.0,-0.2921963930130005,0.8151475787162781
sub-09,16,neutral,179.0,1.0,12,12.0,1.1759684085845947,0.15757060050964355
sub-09,16,neutral,179.0,1.0,13,13.0,-0.38878539204597473,-0.4631969928741455
sub-09,17,reward,186.0,1.0,-2,-2.0,-1.4330326318740845,-0.41806453466415405
sub-09,17,reward,186.0,1.0,-1,-1.0,-2.4965269565582275,-0.9437099695205688
sub-09,17,reward,186.0,1.0,0,0.0,-0.3522016108036041,0.4033832848072052
sub-09,17,reward,186.0,1.0,1,1.0,2.110464334487915,-0.341682106256485
sub-09,17,reward,186.0,1.0,2,2.0,0.41798320412635803,-0.08059549331665039
sub-09,17,reward,186.0,1.0,3,3.0,-0.7883187532424927,0.7408523559570312
sub-09,17,reward,186.0,1.0,4,4.0,-0.2921963930130005,0.8151475787162781
sub-09,17,reward,186.0,1.0,5,5.0,1.1759684085845947,0.15757060050964355
sub-09,17,reward,186.0,1.0,6,6.0,-0.38878539204597473,-0.4631969928741455
sub-09,17,reward,186.0,1.0,7,7.0,-0.7145118713378906,-1.10063636302948
sub-09,17,reward,186.0,1.0,8,8.0,0.8127029538154602,-1.308254599571228
sub-09,17,reward,186.0,1.0,9,9.0,1.4468193054199219,-0.652069091796875
sub-09,17,reward,186.0,1.0,10,10.0,-1.4468268156051636,0.046472374349832535
sub-09,17,reward,186.0,1.0,11,11.0,0.757503867149353,1.3602348566055298
sub-09,17,reward,186.0,1.0,12,12.0,0.5928768515586853,0.6262754797935486
sub-09,17,reward,186.0,1.0,13,13.0,0.5906279683113098,1.4866135120391846
sub-09,18,neutral,193.0,1.0,-2,-2.0,1.1759684085845947,0.15757060050964355
sub-09,18,neutral,193.0,1.0,-1,-1.0,-0.38878539204597473,-0.4631969928741455
sub-09,18,neutral,193.0,1.0,0,0.0,-0.7145118713378906,-1.10063636302948
sub-09,18,neutral,193.0,1.0,1,1.0,0.8127029538154602,-1.308254599571228
sub-09,18,neutral,193.0,1.0,2,2.0,1.4468193054199219,-0.652069091796875
sub-09,18,neutral,193.0,1.0,3,3.0,-1.4468268156051636,0.046472374349832535
sub-09,18,neutral,193.0,1.0,4,4.0,0.757503867149353,1.3602348566055298
sub-09,18,neutral,193.0,1.0,5,5.0,0.5928768515586853,0.6262754797935486
sub-09,18,neutral,193.0,1.0,6,6.0,0.5906279683113098,1.4866135120391846
sub-09,18,neutral,193.0,1.0,7,7.0,0.1811513751745224,0.6110015511512756
sub-09,18,neutral,193.0,1.0,8,8.0,-1.0546793937683105,0.38185423612594604
sub-09,18,neutral,193.0,1.0,9,9.0,0.897423267364502,0.23951245844364166
sub-09,18,neutral,193.0,1.0,10,10.0,0.9516521096229553,0.18882058560848236
sub-09,18,neutral,193.0,1.0,11,11.0,1.7686948776245117,-1.0027313232421875
sub-09,18,neutral,193.0,1.0,12,12.0,0.06273546814918518,-0.06324082612991333
sub-09,18,neutral,193.0,1.0,13,13.0,0.3027713894844055,1.7025612592697144
sub-09,19,reward,199.0,1.0,-2,-2.0,0.757503867149353,1.3602348566055298
sub-09,19,reward,199.0,1.0,-1,-1.0,0.5928768515586853,0.6262754797935486
sub-09,19,reward,199.0,1.0,0,0.0,0.5906279683113098,1.4866135120391846
sub-09,19,reward,199.0,1.0,1,1.0,0.1811513751745224,0.6110015511512756
sub-09,19,reward,199.0,1.0,2,2.0,-1.0546793937683105,0.38185423612594604
sub-09,19,reward,199.0,1.0,3,3.0,0.897423267364502,0.23951245844364166
sub-09,19,reward,199.0,1.0,4,4.0,0.9516521096229553,0.18882058560848236
sub-09,19,reward,199.0,1.0,5,5.0,1.7686948776245117,-1.0027313232421875
sub-09,19,reward,199.0,1.0,6,6.0,0.06273546814918518,-0.06324082612991333
sub-09,19,reward,199.0,1.0,7,7.0,0.3027713894844055,1.7025612592697144
sub-09,19,reward,199.0,1.0,8,8.0,0.2382684051990509,1.4352258443832397
sub-09,19,reward,199.0,1.0,9,9.0,-0.3846185803413391,-0.38126155734062195
sub-09,19,reward,199.0,1.0,10,10.0,-0.5418596267700195,-0.30557486414909363
sub-09,19,reward,199.0,1.0,11,11.0,-1.684944748878479,-0.19378091394901276
sub-09,19,reward,199.0,1.0,12,12.0,1.237906575202942,-0.5479153394699097
sub-09,19,reward,199.0,1.0,13,13.0,2.455761432647705,-0.679151177406311
sub-09,20,neutral,204.0,1.0,-2,-2.0,0.897423267364502,0.23951245844364166
sub-09,20,neutral,204.0,1.0,-1,-1.0,0.9516521096229553,0.18882058560848236
sub-09,20,neutral,204.0,1.0,0,0.0,1.7686948776245117,-1.0027313232421875
sub-09,20,neutral,204.0,1.0,1,1.0,0.06273546814918518,-0.06324082612991333
sub-09,20,neutral,204.0,1.0,2,2.0,0.3027713894844055,1.7025612592697144
sub-09,20,neutral,204.0,1.0,3,3.0,0.2382684051990509,1.4352258443832397
sub-09,20,neutral,204.0,1.0,4,4.0,-0.3846185803413391,-0.38126155734062195
sub-09,20,neutral,204.0,1.0,5,5.0,-0.5418596267700195,-0.30557486414909363
sub-09,20,neutral,204.0,1.0,6,6.0,-1.684944748878479,-0.19378091394901276
sub-09,20,neutral,204.0,1.0,7,7.0,1.237906575202942,-0.5479153394699097
sub-09,20,neutral,204.0,1.0,8,8.0,2.455761432647705,-0.679151177406311
sub-09,20,neutral,204.0,1.0,9,9.0,-0.05086679756641388,-0.4097350835800171
sub-09,20,neutral,204.0,1.0,10,10.0,-0.9234245419502258,0.5950319170951843
sub-09,20,neutral,204.0,1.0,11,11.0,2.1457619667053223,0.5582289099693298
sub-09,20,neutral,204.0,1.0,12,12.0,1.2083853483200073,0.35477861762046814
sub-09,20,neutral,204.0,1.0,13,13.0,-0.3371213376522064,0.8505591154098511
sub-09,21,neutral,216.0,1.0,-2,-2.0,-0.9234245419502258,0.5950319170951843
sub-09,21,neutral,216.0,1.0,-1,-1.0,2.1457619667053223,0.5582289099693298
sub-09,21,neutral,216.0,1.0,0,0.0,1.2083853483200073,0.35477861762046814
sub-09,21,neutral,216.0,1.0,1,1.0,-0.3371213376522064,0.8505591154098511
sub-09,21,neutral,216.0,1.0,2,2.0,1.0126276016235352,-0.5819354057312012
sub-09,21,neutral,216.0,1.0,3,3.0,-0.1423262506723404,-0.3277932107448578
sub-09,21,neutral,216.0,1.0,4,4.0,0.09995855391025543,-0.18683646619319916
sub-09,21,neutral,216.0,1.0,5,5.0,-0.2601028382778168,-0.6534605622291565
sub-09,21,neutral,216.0,1.0,6,6.0,-0.8749645352363586,-0.4520910382270813
sub-09,21,neutral,216.0,1.0,7,7.0,-0.7122629880905151,1.1206709146499634
sub-09,21,neutral,216.0,1.0,8,8.0,0.11247406154870987,0.6797438263893127
sub-09,21,neutral,216.0,1.0,9,9.0,0.8505653142929077,0.5367063283920288
sub-09,21,neutral,216.0,1.0,10,10.0,1.8187568187713623,-0.001436559366993606
sub-09,21,neutral,216.0,1.0,11,11.0,0.27742448449134827,1.9664243459701538
sub-09,21,neutral,216.0,1.0,12,12.0,-0.6304308772087097,-0.8263566493988037
sub-09,21,neutral,216.0,1.0,13,13.0,-0.9391516447067261,-0.41945600509643555
sub-09,22,neutral,229.0,1.0,-2,-2.0,0.27742448449134827,1.9664243459701538
sub-09,22,neutral,229.0,1.0,-1,-1.0,-0.6304308772087097,-0.8263566493988037
sub-09,22,neutral,229.0,1.0,0,0.0,-0.9391516447067261,-0.41945600509643555
sub-09,22,neutral,229.0,1.0,1,1.0,2.4435691833496094,1.8476859331130981
sub-09,22,neutral,229.0,1.0,2,2.0,1.7693341970443726,0.929718017578125
sub-09,22,neutral,229.0,1.0,3,3.0,1.1900935173034668,1.0949803590774536
sub-09,22,neutral,229.0,1.0,4,4.0,-0.4151025414466858,0.5547567009925842
sub-09,22,neutral,229.0,1.0,5,5.0,-0.3576621115207672,0.5846152305603027
sub-09,22,neutral,229.0,1.0,6,6.0,2.4955568313598633,0.19368427991867065
sub-09,22,neutral,229.0,1.0,7,7.0,-0.67792809009552,-2.313710927963257
sub-09,22,neutral,229.0,1.0,8,8.0,1.11467707157135,2.3899967670440674
sub-09,22,neutral,229.0,1.0,9,9.0,-0.16960613429546356,1.1803879737854004
sub-09,22,neutral,229.0,1.0,10,10.0,0.9529382586479187,-0.8020575046539307
sub-09,22,neutral,229.0,1.0,11,11.0,0.04829449951648712,-0.5826311111450195
sub-09,22,neutral,229.0,1.0,12,12.0,-1.076175332069397,-0.04518397897481918
sub-09,22,neutral,229.0,1.0,13,13.0,0.9198819994926453,1.5990967750549316
sub-09,23,reward,240.0,1.0,-2,-2.0,-0.16960613429546356,1.1803879737854004
sub-09,23,reward,240.0,1.0,-1,-1.0,0.9529382586479187,-0.8020575046539307
sub-09,23,reward,240.0,1.0,0,0.0,0.04829449951648712,-0.5826311111450195
sub-09,23,reward,240.0,1.0,1,1.0,-1.076175332069397,-0.04518397897481918
sub-09,23,reward,240.0,1.0,2,2.0,0.9198819994926453,1.5990967750549316
sub-09,23,reward,240.0,1.0,3,3.0,2.831549882888794,1.8317162990570068
sub-09,23,reward,240.0,1.0,4,4.0,2.1983888149261475,1.6525651216506958
sub-09,23,reward,240.0,1.0,5,5.0,0.7347217202186584,0.5936404466629028
sub-09,23,reward,240.0,1.0,6,6.0,-0.5890334248542786,-0.2035018354654312
sub-09,23,reward,240.0,1.0,7,7.0,-0.6140644550323486,-0.6333230137825012
sub-09,23,reward,240.0,1.0,8,8.0,1.205497145652771,0.6116973161697388
sub-09,23,reward,240.0,1.0,9,9.0,2.374568462371826,0.52351313829422
sub-09,23,reward,240.0,1.0,10,10.0,2.406022787094116,-0.8652403354644775
sub-09,23,reward,240.0,1.0,11,11.0,0.6631562113761902,-0.8881544470787048
sub-09,23,reward,240.0,1.0,12,12.0,-0.08456238359212875,1.1255346536636353
sub-09,23,reward,240.0,1.0,13,13.0,0.5463423132896423,0.7318207025527954
sub-09,24,neutral,245.0,1.0,-2,-2.0,2.831549882888794,1.8317162990570068
sub-09,24,neutral,245.0,1.0,-1,-1.0,2.1983888149261475,1.6525651216506958
sub-09,24,neutral,245.0,1.0,0,0.0,0.7347217202186584,0.5936404466629028
sub-09,24,neutral,245.0,1.0,1,1.0,-0.5890334248542786,-0.2035018354654312
sub-09,24,neutral,245.0,1.0,2,2.0,-0.6140644550323486,-0.6333230137825012
sub-09,24,neutral,245.0,1.0,3,3.0,1.205497145652771,0.6116973161697388
sub-09,24,neutral,245.0,1.0,4,4.0,2.374568462371826,0.52351313829422
sub-09,24,neutral,245.0,1.0,5,5.0,2.406022787094116,-0.8652403354644775
sub-09,24,neutral,245.0,1.0,6,6.0,0.6631562113761902,-0.8881544470787048
sub-09,24,neutral,245.0,1.0,7,7.0,-0.08456238359212875,1.1255346536636353
sub-09,24,neutral,245.0,1.0,8,8.0,0.5463423132896423,0.7318207025527954
sub-09,24,neutral,245.0,1.0,9,9.0,3.052654504776001,1.0512393712997437
sub-09,24,neutral,245.0,1.0,10,10.0,2.4284815788269043,0.9984667301177979
sub-09,24,neutral,245.0,1.0,11,11.0,0.08070393651723862,-1.3783884048461914
sub-09,24,neutral,245.0,1.0,12,12.0,-0.07461917400360107,1.0352632999420166
sub-09,24,neutral,245.0,1.0,13,13.0,3.1614432334899902,0.270060271024704
sub-09,25,reward,251.0,1.0,-2,-2.0,2.374568462371826,0.52351313829422
sub-09,25,reward,251.0,1.0,-1,-1.0,2.406022787094116,-0.8652403354644775
sub-09,25,reward,251.0,1.0,0,0.0,0.6631562113761902,-0.8881544470787048
sub-09,25,reward,251.0,1.0,1,1.0,-0.08456238359212875,1.1255346536636353
sub-09,25,reward,251.0,1.0,2,2.0,0.5463423132896423,0.7318207025527954
sub-09,25,reward,251.0,1.0,3,3.0,3.052654504776001,1.0512393712997437
sub-09,25,reward,251.0,1.0,4,4.0,2.4284815788269043,0.9984667301177979
sub-09,25,reward,251.0,1.0,5,5.0,0.08070393651723862,-1.3783884048461914
sub-09,25,reward,251.0,1.0,6,6.0,-0.07461917400360107,1.0352632999420166
sub-09,25,reward,251.0,1.0,7,7.0,3.1614432334899902,0.270060271024704
sub-09,25,reward,251.0,1.0,8,8.0,1.4291666746139526,0.2492333948612213
sub-09,25,reward,251.0,1.0,9,9.0,-0.31626465916633606,0.8033459186553955
sub-09,25,reward,251.0,1.0,10,10.0,-2.144490957260132,-0.25002574920654297
sub-09,25,reward,251.0,1.0,11,11.0,0.5540441870689392,0.5019841194152832
sub-09,25,reward,251.0,1.0,12,12.0,0.5286972522735596,0.833204448223114
sub-09,25,reward,251.0,1.0,13,13.0,1.6833276748657227,1.7206180095672607
sub-09,26,reward,263.0,1.0,-2,-2.0,-2.144490957260132,-0.25002574920654297
sub-09,26,reward,263.0,1.0,-1,-1.0,0.5540441870689392,0.5019841194152832
sub-09,26,reward,263.0,1.0,0,0.0,0.5286972522735596,0.833204448223114
sub-09,26,reward,263.0,1.0,1,1.0,1.6833276748657227,1.7206180095672607
sub-09,26,reward,263.0,1.0,2,2.0,-0.1724943220615387,-0.5291627645492554
sub-09,26,reward,263.0,1.0,3,3.0,-1.2539646625518799,0.054112549871206284
sub-09,26,reward,263.0,1.0,4,4.0,1.9952524900436401,-0.6444289684295654
sub-09,26,reward,263.0,1.0,5,5.0,1.9814584255218506,-0.647901177406311
sub-09,26,reward,263.0,1.0,6,6.0,0.8858705163002014,0.8894492983818054
sub-09,26,reward,263.0,1.0,7,7.0,1.271925687789917,-0.4895833134651184
sub-09,26,reward,263.0,1.0,8,8.0,0.09225670993328094,-0.1875322014093399
sub-09,26,reward,263.0,1.0,9,9.0,-0.08039556443691254,0.5991998910903931
sub-09,26,reward,263.0,1.0,10,10.0,1.930110216140747,1.5456348657608032
sub-09,26,reward,263.0,1.0,11,11.0,1.7911535501480103,1.230384111404419
sub-09,26,reward,263.0,1.0,12,12.0,1.628136157989502,0.12077406048774719
sub-09,26,reward,263.0,1.0,13,13.0,0.25174665451049805,-0.3000218868255615
sub-09,27,reward,276.0,1.0,-2,-2.0,1.7911535501480103,1.230384111404419
sub-09,27,reward,276.0,1.0,-1,-1.0,1.628136157989502,0.12077406048774719
sub-09,27,reward,276.0,1.0,0,0.0,0.25174665451049805,-0.3000218868255615
sub-09,27,reward,276.0,1.0,1,1.0,0.4282498359680176,0.2978380620479584
sub-09,27,reward,276.0,1.0,2,2.0,1.071677565574646,-0.32848894596099854
sub-09,27,reward,276.0,1.0,3,3.0,1.7372406721115112,0.11105312407016754
sub-09,27,reward,276.0,1.0,4,4.0,0.2296038269996643,0.03675144165754318
sub-09,27,reward,276.0,1.0,5,5.0,-0.2982886731624603,-0.5229140520095825
sub-09,27,reward,276.0,1.0,6,6.0,0.708404541015625,1.3067665100097656
sub-09,27,reward,276.0,1.0,7,7.0,0.465472936630249,0.6554446816444397
sub-09,27,reward,276.0,1.0,8,8.0,-1.0764987468719482,1.174834966659546
sub-09,27,reward,276.0,1.0,9,9.0,0.15675969421863556,0.4492114782333374
sub-09,27,reward,276.0,1.0,10,10.0,0.9019135236740112,0.60752934217453
sub-09,27,reward,276.0,1.0,11,11.0,1.1695526838302612,-0.7110904455184937
sub-09,27,reward,276.0,1.0,12,12.0,2.34472393989563,-0.7694160342216492
sub-09,27,reward,276.0,1.0,13,13.0,2.2985126972198486,0.03814290463924408
sub-09,28,reward,281.0,1.0,-2,-2.0,1.7372406721115112,0.11105312407016754
sub-09,28,reward,281.0,1.0,-1,-1.0,0.2296038269996643,0.03675144165754318
sub-09,28,reward,281.0,1.0,0,0.0,-0.2982886731624603,-0.5229140520095825
sub-09,28,reward,281.0,1.0,1,1.0,0.708404541015625,1.3067665100097656
sub-09,28,reward,281.0,1.0,2,2.0,0.465472936630249,0.6554446816444397
sub-09,28,reward,281.0,1.0,3,3.0,-1.0764987468719482,1.174834966659546
sub-09,28,reward,281.0,1.0,4,4.0,0.15675969421863556,0.4492114782333374
sub-09,28,reward,281.0,1.0,5,5.0,0.9019135236740112,0.60752934217453
sub-09,28,reward,281.0,1.0,6,6.0,1.1695526838302612,-0.7110904455184937
sub-09,28,reward,281.0,1.0,7,7.0,2.34472393989563,-0.7694160342216492
sub-09,28,reward,281.0,1.0,8,8.0,2.2985126972198486,0.03814290463924408
sub-09,28,reward,281.0,1.0,9,9.0,1.4439311027526855,-0.009076735936105251
sub-09,28,reward,281.0,1.0,10,10.0,-0.41574186086654663,0.5839195251464844
sub-09,28,reward,281.0,1.0,11,11.0,0.5344736576080322,0.8068181276321411
sub-09,28,reward,281.0,1.0,12,12.0,1.9150300025939941,0.4506029486656189
sub-09,28,reward,281.0,1.0,13,13.0,-0.21164287626743317,0.5866960287094116
sub-09,29,reward,294.0,1.0,-2,-2.0,0.5344736576080322,0.8068181276321411
sub-09,29,reward,294.0,1.0,-1,-1.0,1.9150300025939941,0.4506029486656189
sub-09,29,reward,294.0,1.0,0,0.0,-0.21164287626743317,0.5866960287094116
sub-09,29,reward,294.0,1.0,1,1.0,0.5578951239585876,0.05202535167336464
sub-09,29,reward,294.0,1.0,2,2.0,2.0523769855499268,0.21451117098331451
sub-09,29,reward,294.0,1.0,3,3.0,-0.493723064661026,-0.266691118478775
sub-09,29,reward,294.0,1.0,4,4.0,0.6480759382247925,0.21520690619945526
sub-09,29,reward,294.0,1.0,5,5.0,0.877521812915802,-0.3437693119049072
sub-09,29,reward,294.0,1.0,6,6.0,0.3602193593978882,-0.34585005044937134
sub-09,29,reward,294.0,1.0,7,7.0,1.430452823638916,-0.17433904111385345
sub-09,29,reward,294.0,1.0,8,8.0,2.6624250411987305,-0.6951208114624023
sub-09,29,reward,294.0,1.0,9,9.0,1.4529191255569458,-0.3500180244445801
sub-09,29,reward,294.0,1.0,10,10.0,0.9073664546012878,-1.1645214557647705
sub-09,29,reward,294.0,1.0,11,11.0,0.5864611268043518,-0.22641593217849731
sub-09,29,reward,294.0,1.0,12,12.0,-0.8451198935508728,-0.5867990851402283
sub-09,29,reward,294.0,1.0,13,13.0,-1.6891191005706787,-0.02226989157497883
sub-09,30,reward,306.0,1.0,-2,-2.0,0.9073664546012878,-1.1645214557647705
sub-09,30,reward,306.0,1.0,-1,-1.0,0.5864611268043518,-0.22641593217849731
sub-09,30,reward,306.0,1.0,0,0.0,-0.8451198935508728,-0.5867990851402283
sub-09,30,reward,306.0,1.0,1,1.0,-1.6891191005706787,-0.02226989157497883
sub-09,30,reward,306.0,1.0,2,2.0,0.37690168619155884,0.29506155848503113
sub-09,30,reward,306.0,1.0,3,3.0,0.589988648891449,-0.2882137596607208
sub-09,30,reward,306.0,1.0,4,4.0,-1.4975355863571167,-0.020189134404063225
sub-09,30,reward,306.0,1.0,5,5.0,1.401247501373291,0.10758090764284134
sub-09,30,reward,306.0,1.0,6,6.0,1.1047263145446777,1.072066307067871
sub-09,30,reward,306.0,1.0,7,7.0,-2.8764822483062744,0.44643497467041016
sub-09,30,reward,306.0,1.0,8,8.0,-0.851543128490448,1.0484564304351807
sub-09,30,reward,306.0,1.0,9,9.0,2.0161166191101074,2.4108235836029053
sub-09,30,reward,306.0,1.0,10,10.0,-1.0046173334121704,1.110949993133545
sub-09,30,reward,306.0,1.0,11,11.0,-0.06948210299015045,1.020685076713562
sub-09,30,reward,306.0,1.0,12,12.0,0.06497682631015778,1.7685270309448242
sub-09,30,reward,306.0,1.0,13,13.0,-1.1281628608703613,1.2269119024276733
